candidatura	posicion
Piñera	0.304965618
Espina	0.1535917529
Velasco	0.0881283567
Chahuan	0.0630542492
Navarro	0.0440993808
Insulza	0.0410818534
Rincon	0.0372196736
Ossandon	0.0325019753
JA.Kast	0.0315378045
Tarud	0.0276437438
MEO	0.0268784371
Goic	0.0237749347
F.Kast	0.0221209542
Burgos	0.0198527157
Allamand	0.0174386281
Atria	0.017206371
Guillier	0.0170520383
Lagos	0.0168375193
L.Perez	0.0150139933
