candidatura	posicion
Piñera	0.1228878286
Espina	0.0867281512
Velasco	0.0771123296
Chahuan 	0.0687988504
Navarro	0.0575494449
MEO	0.0549123274
Rincon	0.0533092792
F.Kast	0.0532467925
Goic	0.0504390076
JA.Kast	0.0483006928
Ossandon	0.0481705994
Tarud	0.0471329848
Burgos	0.04331495
Atria	0.0408523431
Allamand 	0.0357915697
Guillier	0.0349407964
Lagos	0.0344903232
L.Perez	0.0333624406
Insulza	0.0086592885
