candidatura	posicion
Piñera	0.237560546
Insulza	0.1928665786
Velasco	0.1275209159
ME-O	0.0958608542
Guillier	0.0885072655
Lagos	0.08221048
Ossandon	0.0806693087
F.Kast	0.0586085425
Navarro	0.0361955086
