candidatura	posicion
Guillier	0.097776913
Lagos	0.090820645
ME-O	0.1059006664
Insulza	0.2130661089
Velasco	0.1408765871
Ossandon	0.089118062
Piñera	0.2624410177
