candidatura	posicion
Piñera	0.77838263
MEO	0.2028267984
F.Kast	0.1274638154
L.Pérez 	0.0844241962
Lagos	0.0541751783
Velasco	0.0445939237
JA Kast	0.0346297488
Navarro	0.0266982203
Chahuán	0.0261457402
Allamand	0.0242566497
Rincón	0.0166338758
Ossandón	0.0043169192
Espina	0.0031171891
Guillier	0.0015168645
Goic	0.0007566883
Burgos	0.0004760507
Tarud	0.0002920514
Atria	0.0002222817
Insulza	1.3672386E-05
